ID,role,username,email,password
1a34bcde-5c3c-4e73-9c2e-0db6cdd4a0a1,Admin,Jane Austen,admin@gmail.com,P0001
2b34bcde-5c3c-4e73-9c2e-0db6cdd4a0a2,User,Charles Dickens,user1@example.com,P002
3c34bcde-5c3c-4e73-9c2e-0db6cdd4a0a3,User,Mark Twain,user2@example.com,P0003
4d34bcde-5c3c-4e73-9c2e-0db6cdd4a0a4,User,William Shakespeare,user3@example.com,P0004
5e34bcde-5c3c-4e73-9c2e-0db6cdd4a0a5,User,Agatha Christie,user4@example.com,P0005
6f34bcde-5c3c-4e73-9c2e-0db6cdd4a0a6,User,J.K. Rowling,user5@example.com,P0006
7g34bcde-5c3c-4e73-9c2e-0db6cdd4a0a7,User,George Orwell,user6@example.com,P0007
8h34bcde-5c3c-4e73-9c2e-0db6cdd4a0a8,User,Leo Tolstoy,user7@example.com,P0008
9i34bcde-5c3c-4e73-9c2e-0db6cdd4a0a9,User,Stephen King,user8@example.com,P0009
aj34bcde-5c3c-4e73-9c2e-0db6cdd4a0b1,User,Ernest Hemingway,user9@example.com,P0010
bk34bcde-5c3c-4e73-9c2e-0db6cdd4a0b2,User,F. Scott Fitzgerald,user10@example.com,P0011
cl34bcde-5c3c-4e73-9c2e-0db6cdd4a0b3,User,J.R.R. Tolkien,user11@example.com,P0012
dm34bcde-5c3c-4e73-9c2e-0db6cdd4a0b4,User,Harper Lee,user12@example.com,P0013
en34bcde-5c3c-4e73-9c2e-0db6cdd4a0b5,User,Virginia Woolf,user13@example.com,P0014
fo34bcde-5c3c-4e73-9c2e-0db6cdd4a0b6,Admin,Emily Dickinson,admin14@example.com,P0015
